{"current":{"color_body_bg":"#fff3f3","color_headings":"#1d1a1f","color_body_text":"#000000","color_borders":"#000000","color_button_text":"#000000","color_primary":"#838383","color_secondary":"#000000","color_product_background":"#fff4f6","color_sale_tag":"#000000","color_input":"#dcdcdc","color_newsletter":"#fff3f3","color_drawer_background":"#fff3f3","color_drawer_text":"#000000","color_drawer_border":"#000000","color_drawer_button":"#999999","color_drawer_button_text":"#ffffff","type_header_family":"quicksand_n7","type_header_base_size":"38px","type_header_border_thickness":"1px","type_accent_family":"roboto_n7","type_accent_transform":true,"type_accent_spacing":true,"type_accent_subheadings":false,"type_base_family":"helvetica_n4","type_base_size":"17px","type_base_italize_titles":false,"cart_type":"drawer","cart_notes_enable":false,"share_image":"","social_facebook_link":"https:\/\/www.facebook.com\/shopify","social_twitter_link":"","social_pinterest_link":"https:\/\/www.pinterest.com\/shopify","social_instagram_link":"https:\/\/instagram.com\/shopify","social_snapchat_link":"","social_google_plus_link":"","social_tumblr_link":"","social_youtube_link":"https:\/\/www.youtube.com\/user\/shopify","social_vimeo_link":"","social_fancy_link":"","share_facebook":true,"share_twitter":false,"share_pinterest":true,"favicon":"","checkout_header_image":"","checkout_logo_image":"","checkout_logo_position":"left","checkout_logo_size":"small","checkout_body_background_image":"","checkout_body_background_color":"#fef2f2","checkout_input_background_color_mode":"transparent","checkout_sidebar_background_image":"","checkout_sidebar_background_color":"#fff4f6","checkout_heading_font":"Helvetica Neue","checkout_body_font":"Roboto","checkout_accent_color":"#000000","checkout_button_color":"#000000","checkout_error_color":"#f01130","checkout_banner_background_color":"#fff","checkout_call_to_action_color":"#a26b25","checkout_use_header_image":false,"collection_products_grid":"collage","customer_layout":"customer_area","favicon_enable":false,"product_vendor_enable":false,"social_sharing_style":"clean","sections":{"slideshow":{"type":"slideshow","blocks":{"1495823280244":{"type":"slide","settings":{"image":"shopify:\/\/shop_images\/summer-fashion-and-smiles.jpg","color_image_overlay":"#869098","image_overlay_opacity":35,"slide_subheading":"","slide_heading":"","slide_cta":"Shop now","slide_link":"shopify:\/\/collections\/all"}}},"block_order":["1495823280244"],"settings":{"hero_home_auto":false,"home_hero_auto_speed":"5000","slide_text_color":"#000000","slide_button_label_color":"#000000","slide_button_background_color":"#d6c1c1"}},"newsletter":{"type":"newsletter","settings":{"heading":"Subscribe to our newsletter","subheading":"<p>Stay Updated<\/p>"}},"header":{"type":"header","settings":{"logo":"shopify:\/\/shop_images\/E-White_LOGO_burned.png","logo-inverted":"","logo_max_width":"220","search":"page","main_menu_link_list":"main-menu","drawer_bottom_link_list":"footer","drawer_search_enable":false,"show_announcement":false,"home_page_only":true,"text":"","link":"","color_bg":"#50297a","color_text":"#ffffff"}},"footer":{"type":"footer","settings":{"footer_link_list":"main-menu","show_payment_icons":true}},"collection-template":{"type":"collection-template","settings":{"collection_products_grid":"grid","collection_sort_enable":false,"collection_tags_enable":true,"product_vendor_enable":false}},"product-template":{"type":"product-template","settings":{"zoom_enable":true,"social_sharing_products":true,"product_vendor_enable":false,"image_layout":"thumbnails","quantity_enabled":true,"product_selector":"radio","enable_payment_button":true,"add_to_cart_button_size":"small"}},"1541852438655":{"type":"featured-product","settings":{"featured_product":"whitening-kit","show_variant_labels":true,"show_vendor":false,"enable_payment_button":true,"show_share_buttons":false}},"1541852466568":{"type":"featured-product","settings":{"featured_product":"teeth-whitening-pen","show_variant_labels":true,"show_vendor":false,"enable_payment_button":true,"show_share_buttons":false}},"1541852496173":{"type":"featured-product","settings":{"featured_product":"gel-refills","show_variant_labels":true,"show_vendor":false,"enable_payment_button":true,"show_share_buttons":false}},"1541852514929":{"type":"featured-product","settings":{"featured_product":"day-and-night-toothpaste","show_variant_labels":true,"show_vendor":false,"enable_payment_button":true,"show_share_buttons":false}},"1541852529098":{"type":"featured-product","settings":{"featured_product":"coconut-whitening-mouthwash","show_variant_labels":true,"show_vendor":false,"enable_payment_button":true,"show_share_buttons":false}},"1541880514819":{"type":"featured-content","settings":{"home_page_full_width":false,"section_title":"OUR PRODUCTS","text":"","text_size":"small"}}},"content_for_index":["1541880514819","1541852438655","1541852466568","1541852496173","1541852514929","1541852529098","newsletter"]},"presets":{"Classic":{"cart_type":"drawer","cart_notes_enable":false,"checkout_accent_color":"#a26b25","checkout_banner_background_color":"#fff","checkout_button_color":"#000000","checkout_call_to_action_color":"#a26b25","checkout_use_header_image":false,"collection_products_grid":"collage","color_body_bg":"#ffffff","color_body_text":"#222323","color_borders":"#1c1d1d","color_button_text":"#ffffff","color_drawer_background":"#1c1d1d","color_drawer_border":"#343535","color_drawer_button":"#a26b25","color_drawer_button_text":"#ffffff","color_drawer_text":"#ffffff","color_headings":"#222323","color_input":"#f6f6f6","color_newsletter":"#f6f6f6","color_primary":"#1c1d1d","color_product_background":"#f7f7f7","color_sale_tag":"#990000","color_secondary":"#a26b25","customer_layout":"customer_area","favicon_enable":false,"product_vendor_enable":false,"share_facebook":true,"share_pinterest":true,"share_twitter":true,"social_sharing_style":"clean","type_accent_family":"montserrat_n6","type_accent_spacing":true,"type_accent_transform":true,"type_accent_subheadings":true,"type_base_family":"arapey_n4","type_base_italize_titles":true,"type_base_size":"16px","type_header_base_size":"30px","type_header_border_thickness":"1px","type_header_family":"old_standard_tt_n4","sections":{"header":{"type":"header","settings":{"show_announcement":true,"color_bg":"#1c1d1d","color_text":"#ffffff"}},"slideshow":{"type":"slideshow","blocks":{"slideshow-0":{"type":"slide","settings":{}},"slideshow-1":{"type":"slide","settings":{}}},"block_order":["slideshow-0","slideshow-1"],"settings":{}},"featured-products":{"type":"featured-products","settings":{"home_featured_products":"frontpage"}},"featured-content":{"type":"featured-content","settings":{}},"featured-collections":{"type":"featured-collections","blocks":{"featured-collections-0":{"type":"collection","settings":{}},"featured-collections-1":{"type":"collection","settings":{}},"featured-collections-2":{"type":"collection","settings":{}}},"block_order":["featured-collections-0","featured-collections-1","featured-collections-2"],"settings":{}},"newsletter":{"type":"newsletter","settings":{}}},"content_for_index":["featured-content","featured-collections","featured-products","newsletter"]},"Playful":{"color_body_bg":"#ffffff","color_body_text":"#565656","color_borders":"#5dd2b4","color_button_text":"#ffffff","color_primary":"#7737BD","color_secondary":"#058677","color_product_background":"#fff4f6","color_sale_tag":"#e80970","color_input":"#f6f6f6","color_newsletter":"#bde9f2","color_drawer_background":"#360f5f","color_drawer_text":"#ffffff","color_drawer_border":"#50297a","color_drawer_button":"#7737BD","color_drawer_button_text":"#ffffff","color_headings":"#321863","type_header_family":"quicksand_n7","type_header_base_size":"38px","type_header_border_thickness":"1px","type_accent_family":"roboto_n7","type_accent_transform":true,"type_accent_spacing":true,"type_accent_subheadings":false,"type_base_family":"helvetica_n4","type_base_size":"17px","type_base_italize_titles":false,"cart_type":"drawer","cart_notes_enable":true,"social_facebook_link":"","social_twitter_link":"","social_pinterest_link":"","social_instagram_link":"","social_snapchat_link":"","social_google_plus_link":"","social_tumblr_link":"","social_youtube_link":"","social_vimeo_link":"","social_fancy_link":"","share_facebook":true,"share_twitter":true,"share_pinterest":true,"favicon":"","checkout_header_image":"","checkout_logo_image":"","checkout_logo_position":"left","checkout_logo_size":"small","checkout_body_background_image":"","checkout_body_background_color":"#ffffff","checkout_input_background_color_mode":"white","checkout_sidebar_background_image":"","checkout_sidebar_background_color":"#fff4f6","checkout_heading_font":"Helvetica Neue","checkout_body_font":"Roboto","checkout_accent_color":"#7737BD","checkout_button_color":"#7737BD","checkout_error_color":"#f01130","checkout_banner_background_color":"#fff","checkout_call_to_action_color":"#a26b25","checkout_use_header_image":false,"collection_products_grid":"collage","customer_layout":"customer_area","favicon_enable":false,"product_vendor_enable":false,"social_sharing_style":"clean","sections":{"slideshow":{"type":"slideshow","blocks":{"1495823280244":{"type":"slide","settings":{}}},"block_order":["1495823280244"],"settings":{"hero_home_auto":false,"home_hero_auto_speed":"5000"}},"featured-products":{"type":"featured-products","settings":{"home_featured_products":"frontpage","collection_products_grid":"collage"}},"newsletter":{"type":"newsletter","settings":{}},"header":{"type":"header","settings":{"logo_max_width":"260","search":"modal","main_menu_link_list":"main-menu","show_announcement":false,"color_bg":"#290c49","color_text":"#ffffff"}},"footer":{"type":"footer","settings":{"footer_link_list":"footer"}},"collection-template":{"type":"collection-template","settings":{"collection_products_grid":"grid","collection_tags_enable":false,"product_vendor_enable":false}},"1494860348200":{"type":"featured-row","settings":{"layout":"right"}},"1494894035034":{"type":"featured-row","settings":{"layout":"left"}},"product-template":{"type":"product-template","settings":{"zoom_enable":false,"social_sharing_products":true,"product_vendor_enable":false}},"1496078102297":{"type":"advanced-content","blocks":{"1496078102297-0":{"type":"html","settings":{"code":"<div style=\"text-align:center;\">\n<h1 class=\"h1\">Use HTML to format your text so it can be easily read.<\/h1>This text can be used to share information about your brand with customers.<\/div>","width":"100%","alignment":"top-middle"}}},"block_order":["1496078102297-0"],"settings":{}},"1496177901425":{"type":"advanced-content","blocks":{"1496177901425-0":{"type":"html","settings":{"code":"<div style=\"width:745px;text-align: center; margin: 0 auto;\">This text can be used to share information about your brand with customers.<\/div>","width":"100%","alignment":"top-middle"}}},"block_order":["1496177901425-0"],"settings":{}}},"content_for_index":["1496177901425","featured-products","newsletter","1496078102297","1494860348200","1494894035034"]}}}